Workbook

Sheet Master
B1: Cost
A2: Hardware | B2: =Hardware!J1 -> 51764.27
A3: Robot Control Handle | B3: ='Robot Control Handle'!J1 -> 34.55
A4: ForgeOS Modifications | B4: ='ForgeOS Modification'!J1 -> 78.43
A5: Computers | B5: ='Computers and Peripherals'!J1 -> 41152.63
A6: Markerless Motion Capture | B6: ='Markerless Motion Capture'!J1 -> 33273.62
A7: RPi Gripper Controller | B7: ='Raspberry Pi Gripper Controller'!J1 -> 151.67
A8: RPi Robot Logger | B8: ='Raspberry Pi Logger'!J1 -> 88.49
A9: Sensors | B9: =Sensors!J1 -> 9324.57
A10: Task Boards | B10: ='Task boards'!J1 -> 0
A11: Total | B11: =SUM(B2:B10) -> 135868.23

Sheet Hardware
A1: Part number | B1: Item description | C1: Link | D1: Cost per unit | E1: Quantity | F1: Total | G1: Note | I1: Total cost: | J1: =SUM(F2:F63) -> 51764.27
A2: UR3-e | B2: Universal Robot UR3-E robot with 3kg lift capacity | D2: 26995 | E2: 1 | F2: =D2*E2 -> 26995
A3: Forge/OS | B3: Robot controller interface with multi-robot support | D3: 9750 | E3: 1 | F3: =D3*E3 -> 9750
A4: 2-finger adaptive gripper | B4: Robotiq 85mm adaptive, 2-finger gripper for UR e-series robots | D4: 5885 | E4: 1 | F4: =D4*E4 -> 5885
A5: Table base | B5: Wheeled workbench base with hand-crank for height adjustment | C5: https://www.mcmaster.com/3517T81/ | D5: 1771.25 | E5: 1 | F5: =D5*E5 -> 1771.25
A6: Table top V1 | B6: 1/2" thick plywood sheet, painted green, with a self-leveling epoxy finish to provide a level surface | C6: https://www.homedepot.com/p/ProWood-1-2-in-x-2-ft-x-4-ft-BCX-Sanded-Plywood-109119/202093833 | D6: 21.23 | E6: 1 | F6: =D6*E6 -> 21.23 | G6: Price reflects only cost of the plywood sheet, and does not include the paint or epoxy resin
A7: Table top V2 | B7: Machined aluminum table top with 6mm tapped holes for attaching parts and a pre-drilled mounting pattern for the e-series robot | D7: 4912 | E7: 1 | F7: =D7*E7 -> 4912 | G7: Machined at the NIST shops. Price reflects material and labor costs.
A8: Table top V3 | B8: Machined aluminum table top with 6mm tapped holes for attaching parts and a pre-drilled mounting pattern for the e-series robot | E8: 1 | F8: =D8*E8 -> 0 | G8: Machined at the NIST shops. Price reflects material and labor costs.
A9: Rack cabinet | B9: 8U equipment rack cabinet | C9: https://www.bhphotovideo.com/c/product/1260039-REG/auray_ers_8u_ers_8u_steel_equipment.html | D9: 139.95 | E9: 1 | F9: =D9*E9 -> 139.95
A10: Shelf material | E10: 2 | F10: =D10*E10 -> 0
A11: Shelf support | E11: 3 | F11: =D11*E11 -> 0
A12: GFW-ID-CREATORTREE | B12: A/V armatures | C12: https://www.bhphotovideo.com/c/product/1657199-REG/gator_gfw_id_creatortree_frameworks_id_series_all_in_one.html | D12: 208.41 | E12: 2 | F12: =D12*E12 -> 416.82
A13: Ergotron 24206214 | B13: Computer cart | C13: https://www.bhphotovideo.com/c/product/1128696-REG/ergotron_neo_flex_24_206_214_lcd_cart.html | D13: 1075 | E13: 1 | F13: =D13*E13 -> 1075
A14: JB01741 | B14: Tablet mount | C14: https://www.bhphotovideo.com/c/product/1675875-REG/joby_jb01741_griptight_tablet_pro_2.html | D14: 48.66 | E14: 1 | F14: =D14*E14 -> 48.66
A15: 955-000005 | B15: Table-mounted camera stand | C15: https://www.bhphotovideo.com/c/product/1585609-REG/mevo_mv3_11a_bl_table_stand.html | D15: 65.99 | E15: 1 | F15: =D15*E15 -> 65.99
A16: Neewer C-Stand with Extension Arm | C16: Neewer C-Stand with Extension Arm 66600020 B&H Photo Video | D16: 102.34 | E16: 5 | F16: =D16*E16 -> 511.7
A17: Sandbags | B17: Neewer Heavy-Duty Sandbags for Light Stands, Boom Stands & Tripods (6-Pack) | C17: Neewer Heavy-Duty Sandbags for Light Stands, Boom Stands | D17: 25.47 | E17: 1 | F17: =D17*E17 -> 25.47
E18: 10 | F18: =D18*E18 -> 0
A19: Floor cable trays | B19: Cable Concealment Ramp Track | C19: Auray CBR-1039 Cable Concealment Ramp Track CBR-1039 B&H Photo | D19: 29.24 | E19: 5 | F19: =D19*E19 -> 146.2
F20: =D20*E20 -> 0
F21: =D21*E21 -> 0
F22: =D22*E22 -> 0
F23: =D23*E23 -> 0
A24: 1/4-20 to 3/8-16 adapters | F24: =D24*E24 -> 0
A25: M6 female to M4 male adapter | F25: =D25*E25 -> 0
F26: =D26*E26 -> 0
B27: Light panels | F27: =D27*E27 -> 0
F28: =D28*E28 -> 0
F29: =D29*E29 -> 0
F30: =D30*E30 -> 0
F31: =D31*E31 -> 0
F32: =D32*E32 -> 0

Sheet Robot Control Handle
A1: Part number | B1: Item description | C1: Link | D1: Cost per unit | E1: Quantity | F1: Total | G1: Note | I1: Total cost: | J1: =SUM(F2:F61) -> 34.55
B2: Normally-open momentary switch | C2: https://a.co/d/glXAlmD | D2: 11.49 | E2: 1 | F2: =D2*E2 -> 11.49
B3: Latching switches | C3: https://www.digikey.com/en/products/detail/cw-industries/GPB023B05BR/2235499 | D3: 3.93 | E3: 2 | F3: =D3*E3 -> 7.86
B4: Aluminum yoke structure | D4: 0 | E4: 1 | F4: =D4*E4 -> 0 | G4: Raw material. Custom machined at NIST.
B5: Handles | D5: 0 | E5: 1 | F5: =D5*E5 -> 0 | G5: 3D printed @NIST
B6: 22 Gauge wire (for wiring the button) | C6: https://www.amazon.com/BINNEKER-Gauge-Electric-Tinned-Copper/dp/B0B19HJFPX/?th=1 | D6: 15.2 | E6: 1 | F6: =D6*E6 -> 15.2
B7: Sheathing | D7: 0 | E7: 1 | F7: =D7*E7 -> 0
D8: 0 | E8: 1 | F8: =D8*E8 -> 0
E9: 1 | F9: =D9*E9 -> 0
E10: 1 | F10: =D10*E10 -> 0
F11: =D11*E11 -> 0

Sheet ForgeOS Modification
A1: Part number | B1: Item description | C1: Link | D1: Cost per unit | E1: Quantity | F1: Total | G1: Note | I1: Total cost: | J1: =SUM(F2:F61) -> 78.43
B2: LVDS to HDMI adapter | C2: https://geekworm.com/products/lvds-to-hdmi-adapter-board-converter-with-lvds-cable?variant=39521988771928 | D2: 35 | E2: 1 | F2: =D2*E2 -> 35
B3: LVDS to HDMI adapter | C3: https://geekworm.com/products/lvds2 | D3: 35 | E3: 1 | F3: =D3*E3 -> 35
A4: 2073-05-40-D-0254-A-4-06-4-T-ND | B4: 40-pin FPC ribbon cable | C4: https://mou.sr/3MWxTQ2 | D4: 1.43 | E4: 1 | F4: =D4*E4 -> 1.43
A5: 1528-4905-ND | B5: 40-pin FPC ribbon cable to 2x20 IDC adapter | C5: https://mou.sr/47GDsMf | D5: 3.5 | E5: 2 | F5: =D5*E5 -> 7
F6: =D6*E6 -> 0
F7: =D7*E7 -> 0
F8: =D8*E8 -> 0
F9: =D9*E9 -> 0
F10: =D10*E10 -> 0
F11: =D11*E11 -> 0
F12: =D12*E12 -> 0
F13: =D13*E13 -> 0
F14: =D14*E14 -> 0
F15: =D15*E15 -> 0
F16: =D16*E16 -> 0
F17: =D17*E17 -> 0
... F34: =D34*E34 -> 0

Sheet Computers and Peripherals
A1: Part number | B1: Item description | C1: Link | D1: Cost per unit | E1: Quantity | F1: Total | G1: Note | I1: Total cost: | J1: =SUM(F2:F13) -> 41152.63
A2: Dell Precision 5860 | B2: Desktop computer | D2: 12367.78 | E2: 3 | F2: =D2*E2 -> 37103.34
A3: Dell Latitude 7350 | B3: Detachable tablet computer | D3: 2315.02 | E3: 1 | F3: =D3*E3 -> 2315.02
E4: 1 | F4: =D4*E4 -> 0
A5: Monitor | E5: 1 | F5: =D5*E5 -> 0
A6: Keyboard | E6: 1 | F6: =D6*E6 -> 0
A7: Mouse | E7: 1 | F7: =D7*E7 -> 0
A8: BG-UHD-KVM41A | B8: BZBGEAR 4-Port HDMI KVM Switch | C8: https://www.bhphotovideo.com/c/product/1660951-REG/bzbgear_bg_uhd_kvm41a_4x1_kvm_switcher_with.html | D8: 128 | E8: 1 | F8: =D8*E8 -> 128
A9: Networking switch | E9: 1 | F9: =D9*E9 -> 0
A10: Black Lion PG-2 | B10: 120VAC Power conditioner & surge protector | D10: 399 | E10: 1 | F10: =D10*E10 -> 399
A11: USB Audio Line In Adapter | C11: https://a.co/d/gPL7H8t | D11: 19.09 | E11: 2 | F11: =D11*E11 -> 38.18
A12: Blackmagic Design ATEM Mini Extreme ISO | D12: 1169.09 | E12: 1 | F12: =D12*E12 -> 1169.09
F15: =SUM(F2:F11) -> 39983.54

Sheet Markerless Motion Capture
A1: Part number | B1: Item description | C1: Link | D1: Cost per unit | E1: Quantity | F1: Total | G1: Note | I1: Total cost: | J1: =SUM(F2:F61) -> 33273.62
A2: Captury Studio | B2: Software for markerless motion capture | D2: 8000 | E2: 1 | F2: =D2*E2 -> 8000
A3: Netgear M4300-16X | B3: 16-port 10Gb POE Network Switch | C3: https://www.bhphotovideo.com/c/product/1711406-REG/netgear_xsm4316pa_100nes_m4300_16x_stackable_managed_switch.html | D3: 2399.99 | E3: 1 | F3: =D3*E3 -> 2399.99
A4: 111297 | B4: 25' 10G network cables | C4: https://www.amazon.com/Monoprice-Entegrade-Cat6a-Ethernet-Patch/dp/B00KWS6VIU/?th=1 | D4: 17.98 | E4: 9 | F4: =D4*E4 -> 161.82
A5: BFS-PGE-13Y3C-C | B5: 1.3 MP POE Color Camera | C5: https://www.edmundoptics.com/p/bfs-pge-13y3c-c-poe-gige-blackflyr-s-color-camera/40198/ | D5: 415 | E5: 9 | F5: =D5*E5 -> 3735
A6: 33-307 | B6: 8mm C-mount lens | C6: https://www.edmundoptics.com/p/8mm-uc-series-fixed-focal-length-lens/41864/ | D6: 260 | E6: 9 | F6: =D6*E6 -> 2340
B7: Modularhose.com purchase | E7: 1 | F7: =D7*E7 -> 0
E8: 1 | F8: =D8*E8 -> 0
E9: 1 | F9: =D9*E9 -> 0
E10: 1 | F10: =D10*E10 -> 0
F11: =D11*E11 -> 0
F13: =SUM(F2:F11) -> 16636.81

Sheet Raspberry Pi Gripper Controller
A1: Part number | B1: Item description | C1: Link | D1: Cost per unit | E1: Quantity | F1: Total | G1: Note | I1: Total cost: | J1: =SUM(F2:F61) -> 151.67
B2: Raspberry Pi 3B | C2: https://www.adafruit.com/product/3055 | D2: 35 | E2: 1 | F2: =D2*E2 -> 35
B3: 4GB MicroSD Card | C3: https://www.amazon.com/SanDisk-microSDHC-Memory-SDSDQ-004G-Packaging/dp/B00FM1JGHK/?th=1 | D3: 8.49 | E3: 1 | F3: =D3*E3 -> 8.49
B5: 24VDC 10A power supply | C5: https://www.amazon.com/ALITOVE-Transformer-Universal-Regulated-Switching/dp/B078RYWZMH?th=1 | D5: 22.99 | E5: 1 | F5: =D5*E5 -> 22.99
B6: 5V 3A micro USB power supply (for the Raspberry Pi) | C6: https://www.amazon.com/Listed-iUniker-Raspberry-Supply-Switch/dp/B0B79FVPQ4/ | D6: 9.99 | E6: 1 | F6: =D6*E6 -> 9.99
B7: 22 Gauge wire (for wiring the button) | C7: https://www.amazon.com/BINNEKER-Gauge-Electric-Tinned-Copper/dp/B0B19HJFPX/?th=1 | D7: 15.2 | E7: 1 | F7: =D7*E7 -> 15.2
B8: 7 inch touch display for raspberry pi | C8: https://www.digikey.com/en/products/detail/raspberry-pi/SC1227/6152806 | D8: 60 | E8: 1 | F8: =D8*E8 -> 60
E9: 1 | F9: =D9*E9 -> 0
E10: 1 | F10: =D10*E10 -> 0
F11: =D11*E11 -> 0

Sheet Raspberry Pi Logger
A1: Part number | B1: Item description | C1: Link | D1: Cost per unit | E1: Quantity | F1: Total | G1: Note | I1: Total cost: | J1: =SUM(F2:F61) -> 88.49
B2: Raspberry Pi 5 | C2: https://www.digikey.com/en/products/detail/raspberry-pi/SC1432/21658257 | D2: 80 | E2: 1 | F2: =D2*E2 -> 80
B3: 4GB MicroSD Card | C3: https://www.amazon.com/SanDisk-microSDHC-Memory-SDSDQ-004G-Packaging/dp/B00FM1JGHK/?th=1 | D3: 8.49 | E3: 1 | F3: =D3*E3 -> 8.49
D4: 0 | E4: 1 | F4: =D4*E4 -> 0
D5: 0 | E5: 1 | F5: =D5*E5 -> 0
D6: 0 | E6: 1 | F6: =D6*E6 -> 0
D7: 0 | E7: 1 | F7: =D7*E7 -> 0
D8: 0 | E8: 1 | F8: =D8*E8 -> 0
E9: 1 | F9: =D9*E9 -> 0
E10: 1 | F10: =D10*E10 -> 0
F11: =D11*E11 -> 0

Sheet Sensors
A1: Part number | B1: Item description | C1: Link | D1: Cost per unit | E1: Quantity | F1: Total | G1: Note | I1: Total cost: | J1: =SUM(F2:F61) -> 9324.57
A2: Canon XA15 | B2: Camcorder | D2: 1790.01 | E2: 2 | F2: =D2*E2 -> 3580.02
B3: Dummy battery for constantly powering camcorders | E3: 2 | F3: =D3*E3 -> 0
B4: Power supply for camcorder batteries | E4: 1 | F4: =D4*E4 -> 0
A5: Senal MC24-ES | B5: Shotgun microphones for camcorders | C5: https://www.bhphotovideo.com/c/product/1171345-REG/senal_mc24_es_professional_shotgun_microphone.html/mode/gsa | D5: 149.95 | E5: 2 | F5: =D5*E5 -> 299.9
A6: Sennheiser MKE 500 | B6: Shotgun microphone | C6: https://www.bhphotovideo.com/c/product/878340-REG/Sennheiser_MKE_600_Shotgun.html | D6: 287.73 | E6: 2 | F6: =D6*E6 -> 575.46
A7: Infrared camera | B7: Infrared camera | E7: 1 | F7: =D7*E7 -> 0
A8: Microsoft Azure | E8: 1 | F8: =D8*E8 -> 0
A9: Intel RealSense | B9: RGBD camera | C9: https://www.digikey.com/en/products/detail/82635DSD455/2311-82635DSD455-ND/12429610 | D9: 423.75 | E9: 2 | F9: =D9*E9 -> 847.5
A10: AJA UTAP HDMI | B10: HDMI to USB3 capture device | C10: https://www.bhphotovideo.com/c/product/1248099-REG/aja_u_tap_hdmi_u_tap_usb_3_0_powered.html | D10: 337.69 | E10: 1 | F10: =D10*E10 -> 337.69
F11: =D11*E11 -> 0
A12: Optitrack Trio | B12: 3-camera motion capture system | D12: 2999.99 | E12: 1 | F12: =D12*E12 -> 2999.99 | G12: Used for locating sensors in 6D space relative to the testbed table surface. Use of the Trio is enabled through the OptiTrack Motive software, available at https://optitrack.com/software/motive/.
F13: =D13*E13 -> 0
F14: =D14*E14 -> 0
A15: HDMI Cables | F15: =D15*E15 -> 0
A16: Laser pointers | F16: =D16*E16 -> 0
A17: Laser pointer holders | B17: 3D printed holder for the laser diode with extension cable | D17: 4 | E17: 3 | F17: =D17*E17 -> 12 | G17: Custom 3D-printed part. Cost estimated.
A18: Tascam MIXCAST 4 | B18: Microphone equalizer and USB adapter | C18: https://www.bhphotovideo.com/c/product/1623233-REG/tascam_mixcast_4_mixcast4_podcast_mixer.html | D18: 324.5 | E18: 1 | F18: =D18*E18 -> 324.5
B19: Light meter | C19: https://www.bhphotovideo.com/c/product/1219219-REG/sekonic_401_474_litemaster_pro_l_478d_u_light.html | D19: 347.51 | E19: 1 | F19: =D19*E19 -> 347.51
B20: Sound meter | E20: 1 | F20: =D20*E20 -> 0
F21: =D21*E21 -> 0
F22: =D22*E22 -> 0
F23: =D23*E23 -> 0
F24: =D24*E24 -> 0
F25: =D25*E25 -> 0
F26: =D26*E26 -> 0
F27: =D27*E27 -> 0
F28: =D28*E28 -> 0
F29: =D29*E29 -> 0
F30: =D30*E30 -> 0
F31: =D31*E31 -> 0

Sheet Task boards
A1: Part number | B1: Item description | C1: Link | D1: Cost per unit | E1: Quantity | F1: Total | G1: Note | I1: Total cost: | J1: =SUM(F2:F61) -> 0
